CREATE TABLE IF NOT EXISTS categoria (
	codigo bigint GENERATED BY DEFAULT AS IDENTITY primary key,
	nome varchar
);

INSERT INTO categoria (codigo, nome) values (1, 'Categoria 1');
INSERT INTO categoria (codigo, nome) values (2, 'Categoria 2');
INSERT INTO categoria (codigo, nome) values (3, 'Categoria 3');
INSERT INTO categoria (codigo, nome) values (4, 'Categoria 4');


CREATE TABLE IF NOT EXISTS subcategoria (
	codigo bigint GENERATED BY DEFAULT AS IDENTITY primary key,
	nome varchar,	
	categoria_pai_id bigint references categoria(codigo)
);

INSERT INTO subcategoria (codigo, nome, categoria_pai_id) values (1, 'SubCategoria 1', 1);
INSERT INTO subcategoria (codigo, nome, categoria_pai_id) values (2, 'SubCategoria 2', 1);
INSERT INTO subcategoria (codigo, nome, categoria_pai_id) values (3, 'SubCategoria 3', 1);
INSERT INTO subcategoria (codigo, nome, categoria_pai_id) values (4, 'SubCategoria 1', 2);
INSERT INTO subcategoria (codigo, nome, categoria_pai_id) values (5, 'SubCategoria 1', 3);


CREATE TABLE IF NOT EXISTS categoria_subcategoria (
	categoria_id bigint not null,
	subcategoria_id bigint not null,
	primary key (categoria_id, subcategoria_id),
	foreign key (categoria_id) references categoria(codigo),
	foreign key (subcategoria_id) references subcategoria(codigo)
);


INSERT INTO categoria_subcategoria (categoria_id, subcategoria_id) values (1, 1);
INSERT INTO categoria_subcategoria (categoria_id, subcategoria_id) values (1, 2);
INSERT INTO categoria_subcategoria (categoria_id, subcategoria_id) values (1, 3);
INSERT INTO categoria_subcategoria (categoria_id, subcategoria_id) values (2, 1);
